ID,colleoptile,elisa_all,log_all,elisa_field,log_field,elisa_hyd,log_hyd,incidence,severity,Aflp100.175,AFLP24,AFLP24.320,AFLP43-160Bp,Aflp57.165,B598mCGT110,B598mCGT125,B598mCGT140,B598mCGT205,B598mCGT209,B598mCGT215,B598mCGT235,B598mCGT300,B598mCGT310,B598mCGT390,B598mCGT80,BArc110_5D,BArc119_1D,BArc124.1_2D,BArc124.2_2A,BARC124_2A,BARC124_2D,BArc133_3B,BArc142_5B,BARC144_5D,BArc159_2D,BArc164_3B,BArc170_4A,BArc171_6A,BArc176_7B,BArc19_3A,BArc20_7B,BArc23_6D,BArc240_1B,BARC35,BArc49_7A,BArc54_3A,BArc70.1_4A,BArc74_5B,BArc75_3B,BArc78_4A,BArc97_7D,cfA2040_7D,cfd36_2D,cfd62_2D,cfd63_1D,dUpw115_5B,dUpw167_6A,dUpw398_7B,dUpw4_4A,eAACmCCC115,eAACmCCC118,eAACmCCC176,eAACmCCC236,eAACmCCC246,eAACmCCC270,eAACmCCC272,eAACmCCC320,eAACmCCC395,eAACmCCC405,eAACmCCG126,eAACmCCG131,eAACmCCG171,eAACmCCG184,eAACmCCG188,eAACmCCG309,eAACmCCG408,eAACmCCG96,eAACmCGA112,eAACmCGA130,eAACmCGA225,eAACmCGA270,eAACmeCCC249,eACGmCCA180,eACGmCCA190,eACGmCCA325,eACGmCCA370,eACGmCGG150,eACGmCGG220,eACGmCTG115,eACGmCTG146,eACGmCTG185,eACGmCTG85,eACTmCAC115,eACTmCAC148,eACTmCAC170,eACTmCAC172,eACTmCAC180,eACTmCAC250,eACTmCAC290,eACTmCAC310,eACTmCAC320,eACTmCAC375,eACTmCGG120,eACTmCGG200,eACTmCGG285,eACTmCGG350,eACTmCGG365,eACTmCGG565,eAGCmCTA190,eAGCmCTA195,eAGCmCTA234,eAGCmCTA240,eAGCmCTA275,eAGCmCTA277,eAGCmCTA300,eAGCmCTA315,eAGCmCTA340,eAGGmCTA110,eAGGmCTA120,eAGGmCTA130,eAGGmCTA140,eAGGmCTA190,eAGGmCTA260,eAGGmCTA290,eAGGmCTA310,eAGGmCTA350,eATTmCGC100,eATTmCGC280,eATTmCGC350,eATTmCGG100,eATTmCGG110,eATTmCGG230,eATTmCGG270,gdm33_1A,gdm72_3D,gwm102_2D,gwm126_5A,gwm131_3B,gwm156_5A,gwm160_4A,gwm169_6A,gwm18_1B,gwm210,gwm213,gwm234_5B,gwm257_2B,gwm261_2D,gwm272_5D,gwm285_3B,gwm291_5A,gwm325_6D,gwm350Ac,gwm389_3B,gwm408_5B,gwm428_7D,gwm437_7D,gwm445_2A,gwm456_3D,gwm458_1D,gwm493_3B,gwm498_1B,gwm501_2B,gwm513_4B,gwm526_2B,gwm538_4B,gwm539_2D,gwm570_6A,gwm577_7B,gwm614.1_2A,gwm614.2_2B,gwm617.1_5A,gwm617.2_6A,gwm631_7A,gwm635_7A,gwm680_6B,SBm1-RotHpAtH5D,TAglgAp_1B,TAglUt_1A,wmc105_6B,wmc150.2,wmc150_7D,WMC161_4A,wmc245_2D,wmc349_4B,wmc388.1_3A,wmc44_1B,wmc453.1_2A,wmc453.2_2D,WMC489_2B,WMC489_3A,WMC489_5A,wmc517_7B,wmc89.2_4B,WMS296_2A,WMS296_2D
,,,,,,,,,,50,50,50,50,50,50,50,50,50,50,50,50,50,50,50,50,50,50,50,50,50,50,50,50,50,50,50,50,50,50,50,50,50,50,50,50,50,50,50,50,50,50,50,50,50,50,50,50,50,50,50,50,50,50,50,50,50,50,50,50,50,50,50,50,50,50,50,50,50,50,50,50,50,50,50,50,50,50,50,50,50,50,50,50,50,50,50,50,50,50,50,50,50,50,50,50,50,50,50,50,50,50,50,50,50,50,50,50,50,50,50,50,50,50,50,50,50,50,50,50,50,50,50,50,50,50,50,50,50,50,50,50,50,50,50,50,50,50,50,50,50,50,50,50,50,50,50,50,50,50,50,50,50,50,50,50,50,50,50,50,50,50,50,50,50,50,50,50,50,50,50,50,50,50,50,50,50,50,50,50,50,50,50,50,50,50
1,3,0.2284,-0.8126,0.143,-1.0242,0.3254,-0.5607,-0.7281,-0.7871,A,B,B,A,B,B,B,A,A,A,B,B,B,B,B,A,A,A,B,B,B,B,B,A,B,A,B,B,B,B,A,B,A,B,A,A,NA,B,B,B,B,B,B,B,NA,A,A,A,B,B,A,B,B,A,A,B,B,A,A,A,B,A,B,A,B,B,B,B,B,B,B,B,B,B,B,B,A,B,B,A,A,B,B,B,B,B,B,B,B,B,B,B,A,A,B,A,B,B,B,B,B,B,A,A,A,A,B,A,B,A,B,A,B,A,NA,NA,NA,B,A,B,A,B,B,A,A,B,A,A,B,B,B,A,B,A,B,A,B,A,B,B,A,A,B,B,A,B,B,A,B,B,A,B,B,B,A,A,A,B,B,B,B,B,A,A,A,B,B,A,A,B,B,B,B,A,A,A,B,B,A,A,A,B,B,B,B,A
2,3,0.3192,-0.706,0.1427,-1.0272,0.5269,-0.324,-0.9225,-0.9915,A,B,B,A,B,B,B,A,B,A,B,B,A,B,A,A,B,A,A,A,A,A,B,B,A,B,B,A,A,B,B,A,A,A,A,A,A,A,B,A,A,B,B,A,NA,A,A,B,B,A,B,A,A,A,B,A,A,A,A,B,A,B,B,B,A,A,B,B,A,A,A,B,B,B,B,A,A,A,B,B,B,B,B,NA,NA,NA,NA,NA,NA,NA,NA,NA,NA,A,B,A,B,A,A,A,A,B,B,B,B,B,A,B,NA,NA,NA,NA,NA,NA,NA,NA,NA,A,B,A,A,A,B,B,A,B,A,B,B,B,A,B,A,A,B,A,A,A,A,B,B,A,A,A,B,B,B,A,B,A,B,A,A,A,B,A,B,B,B,A,A,B,B,A,B,A,B,A,A,A,B,A,A,A,A,B,B,A,A,A,B,B,B,A,A,A
3,1,0.1778,-0.9187,0.143,-1.023,0.2134,-0.7937,-0.9107,-0.1964,B,B,B,B,B,A,A,B,A,A,B,A,B,A,B,B,B,A,B,A,A,B,A,B,B,B,A,A,A,A,B,B,A,B,B,A,A,A,A,A,A,B,NA,B,A,B,A,B,A,A,B,A,B,A,B,B,B,B,B,B,A,B,A,B,A,A,A,B,B,A,A,B,B,A,A,A,B,A,A,B,B,B,A,A,B,B,B,B,A,A,B,B,B,A,B,A,B,B,A,A,A,B,B,A,A,B,A,B,A,A,B,B,A,B,NA,NA,NA,A,B,A,A,B,B,B,B,A,A,B,A,A,A,B,B,B,B,A,B,B,B,A,B,A,A,A,B,NA,NA,A,A,B,A,A,B,B,B,B,B,B,A,A,B,A,B,A,B,A,B,B,B,A,A,B,A,B,B,B,A,A,A,B,B,A,A,B,A,B
4,3,1.3111,0.0944,1.1527,-0.0052,1.2986,0.057,1.5153,1.2249,A,A,A,A,A,NA,NA,NA,NA,NA,NA,NA,NA,NA,NA,NA,B,A,B,A,A,B,B,B,A,B,B,A,B,B,B,A,B,A,A,B,B,A,B,A,A,B,B,B,A,A,A,A,B,A,B,B,A,B,B,A,B,A,A,A,B,A,B,B,B,A,B,A,A,B,A,B,B,B,A,A,A,B,B,A,B,A,B,NA,NA,NA,NA,NA,NA,NA,NA,NA,NA,B,B,B,A,A,B,A,A,A,B,B,B,A,B,B,B,A,A,A,A,A,B,A,A,B,A,B,B,A,B,B,NA,A,B,B,B,A,A,B,A,A,B,A,A,B,A,B,A,B,A,A,B,B,B,B,A,A,B,A,A,A,A,A,B,B,B,A,B,A,A,B,B,A,A,A,A,A,A,B,A,B,A,B,A,B,B,A,B,B,NA,A,B,B
5,5,0.2582,-0.7693,0.1484,-1.0024,0.3838,-0.4952,0.174,0.4127,B,A,A,NA,A,NA,NA,NA,NA,NA,NA,NA,NA,NA,NA,NA,A,B,B,A,A,B,B,B,A,B,A,A,A,B,A,B,A,A,B,B,B,A,B,B,A,B,NA,B,NA,A,B,B,B,A,B,B,A,A,B,A,A,B,A,B,A,B,B,B,A,B,B,A,B,A,B,B,B,A,B,A,B,A,B,B,B,A,B,A,A,A,A,A,A,B,B,B,A,B,B,A,A,A,B,A,A,A,B,B,B,B,B,B,B,B,A,A,B,A,B,B,B,B,B,A,A,A,B,A,NA,B,B,A,A,A,A,B,A,B,B,B,B,B,B,A,B,B,A,B,B,B,B,B,B,A,B,B,B,B,B,B,B,B,B,A,B,A,B,B,B,A,A,A,B,A,A,B,A,B,B,B,A,B,B,B,A,A,B,B,A,B
6,1,1.2018,0.0148,1.0862,-0.0378,1.1506,-0.0731,1.4095,1.5503,A,A,A,A,A,NA,NA,NA,NA,NA,NA,NA,NA,NA,NA,NA,A,B,A,B,B,A,A,B,A,A,B,A,A,A,B,B,A,A,A,B,B,B,A,A,B,A,A,A,NA,B,A,A,A,A,B,B,A,A,A,A,B,A,A,A,B,A,A,B,A,B,A,A,B,A,B,A,A,A,B,B,A,A,A,B,A,A,A,A,A,A,A,A,B,B,B,A,B,B,A,A,A,A,B,B,B,A,A,A,A,A,B,B,B,A,A,A,A,B,B,A,A,B,B,A,A,A,B,A,A,NA,A,A,NA,B,B,A,A,A,A,A,A,A,A,B,A,B,B,A,B,A,A,B,A,B,A,B,B,B,B,B,A,A,A,B,A,B,A,B,A,B,A,A,A,B,B,A,A,A,B,A,A,B,A,A,B,B,A,B,B,A
7,7,0.2964,-0.7094,0.1523,-0.9927,0.4631,-0.3775,-0.3874,-0.5151,A,B,B,A,B,A,B,B,A,A,B,B,B,A,B,A,B,B,A,A,A,A,B,B,B,B,A,A,A,B,B,B,A,B,A,A,A,B,B,B,B,A,A,A,B,A,B,A,B,B,A,A,B,A,A,B,B,A,A,A,B,A,B,B,A,B,B,B,B,A,B,B,B,A,B,B,A,A,B,B,B,B,B,B,B,B,B,B,B,B,B,B,A,A,B,A,B,B,A,B,B,B,B,B,B,B,A,B,A,B,B,A,B,A,B,B,A,A,B,A,A,B,B,A,B,B,A,A,A,B,B,A,B,A,B,B,B,A,B,A,A,A,B,B,B,A,B,A,NA,A,B,NA,B,B,B,B,A,A,A,A,A,B,A,A,A,B,B,A,B,B,B,B,A,A,B,A,B,A,A,A,B,B,B,B,B,A
8,3,0.36,-0.6209,0.2613,-0.8153,0.4499,-0.4214,-0.7757,-0.1333,B,A,A,B,A,B,A,B,B,A,A,A,B,B,A,A,A,A,B,A,A,B,A,B,A,B,B,B,B,A,B,B,A,A,B,B,A,A,A,A,A,A,A,B,A,A,A,B,A,B,B,A,A,B,B,A,A,A,A,A,A,B,A,B,B,A,A,B,B,B,A,B,B,B,A,A,B,B,A,B,B,B,B,B,B,A,A,B,A,A,B,A,B,B,B,B,A,A,A,A,A,B,B,A,A,B,A,B,B,A,B,A,A,A,B,A,A,A,B,B,B,A,B,A,B,A,A,A,B,A,A,B,A,B,A,A,B,B,A,B,A,A,A,A,B,A,A,B,A,B,A,A,B,B,B,B,A,B,A,A,B,A,B,B,A,A,A,A,B,A,A,A,B,A,B,A,B,A,A,B,B,A,A,B,A,B
9,NA,1.2145,0.055,1.0197,-0.0564,1.2724,0.0393,1.4447,1.3614,A,A,A,A,A,A,B,A,A,A,A,A,B,A,B,A,A,A,A,A,A,A,B,A,A,A,A,A,A,B,B,B,A,B,A,A,A,A,B,B,A,A,A,A,A,B,B,B,B,A,B,A,B,B,B,B,B,A,A,B,A,B,B,B,A,A,B,A,B,A,A,B,B,A,A,B,A,A,B,A,A,B,B,A,B,B,B,A,A,A,B,B,B,A,B,A,A,B,A,B,B,B,A,B,B,B,A,A,B,B,A,A,B,A,B,A,A,A,A,A,A,B,B,B,A,A,A,B,A,A,A,NA,B,A,B,B,B,A,A,A,B,A,A,B,B,A,A,A,A,B,B,A,B,A,A,A,A,A,B,A,A,B,A,A,B,B,A,A,A,B,A,A,A,A,A,B,A,A,A,A,B,A,B,B,A,A
10,5,0.2052,-0.8469,0.1444,-1.0188,0.2721,-0.6427,-1.0549,-0.9975,B,B,B,B,B,NA,NA,NA,NA,NA,NA,NA,NA,NA,NA,NA,B,A,A,A,A,A,A,B,B,A,A,B,A,B,B,B,A,B,B,A,A,A,B,A,A,B,B,A,A,B,B,A,B,B,B,A,B,B,B,B,B,B,B,B,A,A,B,B,A,A,B,A,B,A,A,B,B,A,A,B,B,A,B,A,A,A,A,A,B,B,B,A,B,A,B,B,A,A,B,A,B,B,A,B,B,A,A,A,A,A,A,B,B,B,A,B,A,B,A,A,B,A,A,A,A,B,B,A,A,A,B,B,A,B,A,A,B,B,B,B,B,A,B,A,B,A,A,A,A,B,B,A,A,B,A,A,B,B,A,A,B,A,A,A,A,B,A,A,B,B,B,B,A,B,B,B,B,B,B,B,A,A,B,B,B,B,B,B,A,A
11,5,0.2484,-0.7966,0.1472,-1.0007,0.3639,-0.5569,-0.6346,0.1252,B,A,A,B,A,B,A,A,A,A,A,A,A,B,B,A,A,B,A,A,A,A,B,A,A,A,B,A,B,A,B,A,A,B,B,A,A,A,A,B,A,A,A,A,A,A,A,B,A,A,A,B,B,A,A,B,B,B,A,B,A,B,A,A,B,B,A,B,A,B,B,A,A,B,B,A,B,B,A,B,A,B,B,A,B,B,B,B,A,B,A,B,B,A,A,A,A,B,B,A,A,B,A,B,B,B,B,A,A,A,B,A,A,A,A,B,A,B,B,B,B,B,A,A,A,A,A,B,B,A,A,B,B,B,A,A,A,A,A,B,B,A,A,B,B,A,A,B,A,A,B,B,A,A,A,A,A,B,A,A,A,A,B,A,A,A,A,A,A,A,A,A,A,A,A,A,A,B,A,B,B,A,A,A,A,A
12,5,0.2031,-0.8705,0.1359,-1.063,0.2795,-0.635,-0.9365,-0.8682,B,B,B,B,B,B,A,B,A,A,A,A,B,B,A,A,B,B,A,B,B,A,B,B,B,A,B,A,B,A,A,B,B,A,B,B,A,A,A,B,A,B,B,A,A,A,A,B,A,A,B,A,A,A,B,A,A,A,A,A,B,B,A,B,B,B,A,B,B,B,B,B,B,B,B,B,B,B,A,A,A,A,B,A,A,A,A,A,A,B,B,A,A,B,B,B,B,A,A,B,B,A,B,B,B,B,A,B,A,A,A,A,A,A,A,B,B,A,A,B,B,A,B,A,B,A,A,A,B,A,A,B,A,B,A,A,B,A,B,B,A,A,A,B,B,B,A,A,A,A,B,B,B,B,A,B,B,B,A,B,A,A,B,B,B,B,B,A,B,B,A,A,A,B,B,B,B,A,A,B,A,A,A,B,B,A
13,2,0.2343,-0.7927,0.1438,-1.0168,0.3373,-0.5269,-0.3039,-0.3658,A,B,B,A,B,B,B,B,A,A,B,B,B,A,B,A,B,A,A,B,B,A,B,B,B,B,A,B,B,B,A,B,B,A,A,B,B,A,B,B,A,B,A,A,B,A,B,A,B,B,B,B,A,A,B,A,B,A,A,A,B,A,B,B,B,A,B,B,B,B,A,B,B,A,B,B,A,B,B,B,B,A,A,A,A,A,A,A,B,A,B,A,A,B,B,B,B,A,B,B,B,A,B,B,B,A,B,B,A,B,A,A,B,A,B,A,B,B,B,B,B,A,B,B,B,NA,B,B,A,B,A,A,A,A,B,B,B,A,B,A,A,B,A,B,B,A,A,B,B,A,B,A,B,B,B,B,B,B,B,B,A,B,A,B,B,B,B,A,B,B,B,A,B,B,B,B,B,NA,B,A,A,B,B,B,B,A
14,6,0.2482,-0.7877,0.144,-1.0237,0.3679,-0.507,-0.7902,-0.8501,A,B,B,A,B,B,B,A,B,B,B,B,A,A,A,B,A,A,A,B,B,A,NA,B,B,A,A,A,B,B,B,A,B,A,A,A,A,A,B,A,B,A,NA,A,B,A,B,A,A,A,B,B,A,B,B,A,A,B,B,B,B,A,B,B,B,A,B,A,A,B,A,B,B,A,B,B,A,B,B,B,A,A,A,A,A,A,A,A,B,A,A,A,A,A,B,B,B,A,B,B,B,A,B,A,A,A,B,B,A,B,A,B,B,B,A,A,A,B,B,B,B,A,B,A,B,B,A,NA,A,NA,B,B,A,A,B,NA,A,A,B,A,B,A,B,A,A,A,A,B,NA,A,A,A,NA,A,A,A,A,B,A,B,A,B,B,A,B,B,B,B,A,B,B,A,B,NA,NA,NA,A,B,A,A,B,B,B,A,B,A
15,6,0.3025,-0.7607,0.1405,-1.0396,0.4929,-0.4267,-0.74,-0.6624,B,A,A,B,A,B,B,B,B,B,B,B,B,B,A,A,A,B,B,A,A,B,A,A,A,B,B,NA,B,B,A,B,A,A,B,B,A,A,A,NA,A,B,B,NA,B,A,A,B,A,B,B,A,A,A,B,A,A,B,A,B,A,B,A,A,B,A,A,A,B,B,A,A,A,B,B,A,B,A,A,A,B,A,A,B,A,A,A,B,B,A,B,A,A,B,A,B,A,A,A,A,A,A,B,A,A,B,A,A,A,A,A,A,B,A,B,B,A,A,A,B,B,A,A,A,B,B,NA,A,B,B,A,B,A,B,A,A,B,B,NA,B,B,A,A,A,B,B,A,A,B,A,NA,A,B,B,A,B,B,B,A,A,B,B,B,B,B,A,A,A,B,A,B,NA,A,B,B,B,B,A,B,B,B,B,NA,B,A,B
16,1,0.2805,-0.7391,0.1445,-1.0137,0.4387,-0.4142,-0.8755,-0.7061,A,B,B,A,B,A,B,B,A,B,B,A,B,B,A,B,B,A,A,B,B,A,NA,NA,B,B,B,NA,A,B,B,B,A,A,A,A,B,A,B,B,B,A,A,A,A,A,A,A,B,B,A,B,A,B,B,A,B,B,B,B,A,A,B,B,A,A,B,A,B,A,A,B,B,B,B,B,A,A,B,B,B,A,B,B,A,A,A,A,B,A,B,A,B,A,B,A,B,A,B,A,A,A,B,B,B,A,B,B,A,B,A,B,B,B,B,A,A,B,B,B,A,A,B,A,A,A,A,B,B,A,B,A,A,A,B,A,A,A,B,B,B,B,B,B,B,A,A,B,A,A,B,NA,B,A,B,B,A,A,B,B,A,B,A,A,B,B,B,B,A,B,B,NA,A,A,B,B,B,B,A,A,B,B,B,B,B,A
17,3,1.002,-0.1099,0.9651,-0.0773,0.8789,-0.2926,0.1014,0.3887,B,A,A,B,A,A,A,B,B,B,A,A,B,B,A,B,A,A,B,B,B,B,A,B,A,A,B,B,A,B,B,B,B,A,B,A,B,A,B,A,A,A,A,NA,A,B,B,B,B,B,B,A,A,B,A,A,A,B,B,B,A,B,B,B,A,A,B,A,B,A,A,B,A,B,B,A,B,A,B,B,A,A,A,A,A,A,A,A,A,A,B,A,B,A,B,NA,A,NA,A,A,A,A,A,A,A,B,A,B,B,B,A,B,A,B,A,A,B,A,B,A,B,A,B,A,B,A,NA,B,B,A,A,A,A,B,B,B,B,B,A,B,B,B,A,A,B,A,A,A,A,B,A,A,B,A,B,B,B,A,A,B,B,A,A,NA,A,A,A,NA,A,A,A,A,A,B,B,A,A,A,B,B,B,A,B,B,A,B
18,3,1.0039,-0.0211,0.8938,-0.1149,0.9838,-0.0486,1.1016,0.8374,A,A,A,A,A,A,A,A,A,A,B,B,A,B,B,B,A,A,A,A,A,A,B,A,A,B,B,NA,A,B,A,A,NA,B,NA,A,A,B,B,NA,B,A,A,A,A,B,B,NA,B,A,A,B,A,B,A,B,B,B,B,B,B,B,B,B,A,A,B,B,A,A,A,B,B,B,B,A,A,A,B,B,B,B,B,B,B,B,B,B,B,A,A,B,A,A,B,A,A,A,B,A,A,B,B,B,B,B,B,B,B,B,B,B,A,B,B,B,B,B,B,A,B,B,B,A,B,A,A,B,B,B,A,B,B,A,B,NA,A,A,A,B,B,A,A,B,B,A,B,B,A,B,B,A,A,A,B,A,B,A,B,A,A,A,NA,A,A,A,A,NA,B,A,B,A,B,B,A,A,B,B,B,A,A,B,B,A,B,A
19,5,0.6264,-0.4618,0.3435,-0.7344,0.9238,-0.1825,-0.6584,-0.6066,B,B,B,A,NA,B,B,B,A,B,B,B,B,A,B,A,B,B,B,A,A,B,B,B,NA,NA,NA,NA,NA,B,A,NA,A,NA,NA,A,NA,NA,B,NA,B,A,B,B,NA,B,A,B,NA,B,B,B,A,B,B,A,B,A,A,A,A,B,B,B,B,A,B,A,A,B,B,B,B,NA,NA,NA,NA,B,A,B,A,A,B,B,A,A,A,B,A,A,A,A,B,A,B,A,B,B,A,A,A,B,A,B,B,A,B,B,B,B,A,A,B,A,B,A,A,B,A,B,B,A,B,A,NA,NA,A,A,A,A,A,B,NA,A,B,B,A,B,NA,B,NA,A,A,B,A,NA,A,B,B,B,B,B,B,A,A,B,NA,B,A,B,B,B,B,A,A,B,B,A,B,B,B,A,A,B,B,A,B,B,A,A,B,A,B,NA,B,B
20,5,1.1823,0.0429,0.8686,-0.1163,1.4143,0.0929,1.2224,0.7489,A,A,A,A,A,A,A,B,B,B,B,B,B,B,B,A,A,A,B,B,B,B,B,A,A,B,B,A,A,B,B,B,A,B,A,B,B,B,B,B,A,A,A,B,A,B,A,B,B,A,B,B,B,A,B,B,B,B,A,B,B,B,B,A,A,B,B,B,B,A,B,B,B,NA,NA,NA,NA,A,B,A,B,B,B,A,B,B,B,B,B,B,B,B,B,B,B,A,A,B,B,A,A,B,B,B,B,B,B,A,A,A,B,A,A,A,B,A,B,B,B,A,A,B,A,B,A,A,B,B,B,B,A,A,B,A,B,A,B,B,A,B,B,B,A,B,B,B,B,B,A,A,B,B,B,A,A,B,B,A,B,B,B,B,B,B,B,A,A,A,A,A,A,B,B,B,B,B,A,B,B,A,B,A,B,B,B,B
21,5,0.2934,-0.7704,0.1399,-1.0422,0.4738,-0.4442,-1.3066,-1.0185,B,B,B,B,B,B,B,B,A,B,A,A,A,B,B,B,B,A,B,A,A,B,A,B,B,B,B,A,B,A,A,B,B,B,B,A,B,B,A,A,A,B,B,B,B,NA,B,B,A,A,A,A,B,A,A,B,B,B,B,B,A,B,A,B,B,A,A,B,B,A,A,B,B,B,B,B,B,B,A,A,B,B,B,B,B,B,B,B,A,A,A,B,A,A,B,B,B,B,A,B,B,A,B,A,A,B,A,A,B,A,B,B,B,B,B,A,B,A,B,B,B,B,B,A,A,B,B,B,B,A,A,NA,B,B,NA,B,B,B,B,B,B,B,A,A,A,B,A,A,B,A,A,A,A,A,A,B,A,B,A,A,B,B,B,A,A,B,B,B,A,B,A,A,B,A,B,A,B,A,B,B,A,A,A,B,A,B
22,7,0.5536,-0.404,0.6347,-0.399,0.3521,-0.5045,-0.0869,0.0625,B,A,A,B,A,B,A,B,B,B,B,A,B,B,A,A,A,A,A,B,B,A,A,A,A,A,B,B,B,NA,A,B,B,NA,B,B,B,A,A,A,A,B,NA,B,A,B,A,A,B,B,A,B,A,A,A,A,B,B,A,A,B,A,B,A,B,A,B,A,B,A,A,A,A,B,B,B,B,B,A,B,A,A,B,B,A,A,A,A,A,A,B,A,A,B,A,B,A,A,B,B,B,A,A,A,A,A,B,A,B,A,A,A,B,A,A,A,B,B,B,B,B,A,A,B,B,A,A,NA,B,NA,A,B,A,B,A,NA,B,B,A,B,B,B,A,A,B,B,B,B,A,B,A,NA,NA,B,B,B,B,B,B,B,A,A,A,B,A,B,A,A,A,B,NA,A,B,NA,B,A,B,B,A,B,A,B,B,B,B,B
23,2,1.0247,-0.0492,0.8311,-0.175,1.1183,-0.0294,1.1019,1.2755,A,A,A,A,A,A,A,B,A,B,B,B,B,A,A,B,A,B,A,B,B,A,A,B,A,B,A,B,A,A,B,B,A,A,A,A,A,B,A,A,A,B,B,A,A,A,A,A,A,B,B,B,A,B,A,A,B,B,B,B,B,A,A,B,A,B,A,A,B,A,B,A,A,A,B,A,A,A,A,B,B,A,A,A,A,A,A,A,B,B,B,A,B,A,A,A,A,A,B,A,A,A,A,A,A,A,B,B,B,A,A,B,A,B,A,B,A,B,B,A,A,A,B,B,B,A,B,A,A,B,A,A,A,A,A,A,A,A,B,A,B,A,A,B,A,B,A,B,A,B,A,B,B,B,B,B,B,A,B,B,A,B,A,A,NA,A,A,B,B,A,B,A,A,B,B,A,A,B,B,A,B,B,A,B,B,A
24,NA,0.5737,-0.4328,0.467,-0.6375,0.633,-0.2485,-0.5416,-0.0988,A,B,B,A,B,B,A,A,A,B,A,B,A,A,A,A,B,A,A,A,A,A,B,A,B,B,A,B,B,A,B,A,B,A,A,B,B,B,A,B,B,B,NA,B,A,A,A,B,B,B,A,A,A,A,A,A,A,A,A,A,A,B,B,A,A,A,B,A,A,B,A,A,A,NA,NA,NA,NA,B,A,B,B,A,B,A,A,A,A,A,B,A,A,A,B,B,A,B,B,A,A,A,A,A,A,B,B,B,A,A,B,A,A,A,A,A,A,A,A,A,B,B,B,A,A,A,A,A,B,B,A,B,B,B,A,A,A,A,A,B,B,A,A,B,B,B,B,B,A,A,A,B,B,A,A,A,NA,A,B,B,B,A,A,B,B,A,A,A,B,A,A,A,A,A,B,B,A,A,A,A,B,A,B,A,B,A,A,B
25,6,0.1855,-0.8926,0.1501,-0.9962,0.2205,-0.7725,-0.0151,-0.5675,B,B,B,B,B,B,B,A,B,B,B,B,A,A,B,A,B,B,A,B,B,A,B,A,B,B,A,A,NA,A,B,A,B,B,B,B,B,B,A,A,B,A,NA,A,B,B,A,A,B,A,A,A,B,A,B,B,B,A,A,A,A,A,B,A,B,B,B,B,A,B,B,A,A,A,B,A,B,B,A,A,B,B,A,A,B,B,B,B,B,B,A,B,B,B,A,B,B,B,A,A,A,B,B,B,B,A,A,A,A,A,B,A,B,A,B,B,B,A,A,B,B,B,A,B,A,NA,A,B,A,B,B,B,B,B,A,A,A,A,B,A,A,B,B,A,B,A,B,A,B,B,B,B,A,A,A,A,A,B,B,B,A,B,B,B,B,A,B,A,B,A,A,B,A,A,A,B,A,A,A,B,B,B,B,A,A,A
26,1,0.2569,-0.7642,0.1418,-1.0277,0.3903,-0.4501,-0.104,-0.1709,A,B,B,A,B,B,B,A,A,B,A,A,A,A,A,A,B,NA,A,A,A,A,B,B,B,A,A,A,B,B,A,A,B,A,A,B,A,A,B,B,B,A,A,A,B,B,A,B,B,NA,B,A,A,A,A,A,A,A,A,A,A,B,B,B,B,B,B,B,A,B,B,B,B,A,B,A,A,B,B,A,A,A,B,A,A,A,A,A,A,B,A,A,A,B,B,B,B,A,A,A,A,A,A,B,B,B,A,B,B,B,A,A,B,A,B,B,A,A,A,B,B,A,B,B,A,B,A,A,A,A,B,NA,NA,A,B,A,A,A,NA,B,A,A,B,B,A,A,A,A,NA,B,B,B,A,A,A,A,B,B,B,A,A,A,B,B,A,A,B,A,B,B,A,A,A,B,A,NA,A,A,A,A,A,A,B,A,A,A
27,3,0.4955,-0.4941,0.4429,-0.6561,0.4939,-0.3575,-0.0668,0.1583,A,B,B,A,B,A,B,B,A,A,A,A,B,B,B,A,B,A,B,A,A,B,B,A,B,B,B,A,A,B,B,B,A,B,A,B,A,B,B,B,B,B,B,B,B,A,A,B,A,A,A,A,B,A,A,B,B,B,A,A,A,B,A,A,A,A,A,A,B,A,A,A,A,A,A,B,A,A,B,B,B,B,B,A,B,B,B,A,A,A,B,B,B,B,A,A,B,B,A,B,B,B,B,B,B,B,A,A,B,B,A,A,B,A,A,A,A,A,B,A,A,B,A,B,A,B,A,B,A,A,B,B,B,A,B,A,B,A,B,B,B,A,B,B,B,B,A,A,B,A,B,A,B,B,B,B,A,B,A,A,B,A,B,B,A,B,B,A,A,B,A,B,A,A,B,A,A,A,A,A,B,A,A,B,A,A
28,4,1.3013,0.0847,0.9702,-0.0759,1.5344,0.1302,1.386,1.2019,A,A,A,A,A,A,A,A,A,B,B,B,A,A,B,B,A,NA,B,B,B,B,B,A,A,A,A,A,A,B,A,B,A,B,A,A,A,B,B,B,B,B,B,B,A,A,B,B,B,A,A,A,B,B,A,B,B,B,B,B,A,B,A,B,A,A,A,B,A,A,A,B,B,A,A,B,A,A,B,B,A,B,B,A,B,B,B,B,B,A,A,B,A,A,B,A,A,B,B,B,B,B,A,B,B,B,A,B,A,B,B,B,B,B,B,B,B,A,B,A,B,B,B,B,B,A,B,B,A,B,B,A,B,A,B,B,A,B,A,A,B,A,B,B,B,B,A,A,A,A,B,A,A,A,B,A,B,A,B,B,B,B,A,A,A,B,A,B,B,B,B,A,A,B,A,A,A,A,B,A,A,B,A,A,A,B
29,5,0.9244,-0.1877,0.5084,-0.481,1.3511,0.0772,1.0162,0.9133,A,A,A,A,A,A,A,A,A,B,A,A,A,B,B,A,A,A,A,A,A,A,B,B,A,A,B,B,B,A,A,A,A,B,A,B,A,A,A,B,A,B,B,A,A,A,A,B,A,B,B,A,B,A,A,B,B,A,A,A,B,B,A,B,B,A,A,B,A,A,A,B,B,B,B,B,A,B,A,B,A,B,B,B,B,B,B,B,A,A,A,B,A,B,B,A,A,B,A,B,B,B,A,B,B,B,A,B,A,A,B,A,A,A,B,A,B,A,B,B,A,B,B,B,A,A,A,A,B,A,A,B,B,A,A,A,A,A,A,B,A,A,B,B,B,A,B,A,A,A,B,NA,A,A,A,A,A,B,A,A,A,A,B,B,A,B,A,A,A,B,A,B,B,A,A,A,B,A,A,A,A,A,A,A,B,A
30,5,0.1807,-0.9111,0.1421,-1.0291,0.2212,-0.769,-0.7845,-0.8454,B,B,B,B,B,A,A,A,B,B,B,B,A,B,A,A,B,A,A,B,B,A,B,B,B,A,B,B,B,B,B,A,B,A,B,A,A,B,B,B,B,A,A,A,A,B,B,B,A,B,B,A,A,A,B,A,A,A,A,A,A,B,A,B,B,A,A,A,NA,NA,NA,NA,B,B,A,B,B,B,B,A,A,A,B,B,A,A,A,A,B,A,A,A,B,A,B,B,B,A,A,B,B,A,A,B,B,B,A,B,A,B,A,A,A,A,A,A,B,A,A,B,B,A,B,A,A,A,B,A,B,B,B,B,A,B,B,B,A,A,B,B,A,A,B,B,B,A,B,A,A,A,B,NA,A,A,A,A,B,B,A,B,A,B,B,A,B,B,B,A,A,B,B,B,B,B,A,B,B,A,B,B,B,B,B,A,A,A
31,5,0.4985,-0.4696,0.5873,-0.4414,0.2971,-0.5908,0.5881,0.6087,B,A,A,B,A,A,A,B,A,A,B,B,B,A,A,A,A,B,B,NA,A,B,B,B,A,B,NA,B,A,B,A,A,A,A,B,B,A,NA,B,A,A,A,A,B,A,A,B,B,B,B,B,B,A,A,A,A,B,B,A,B,B,A,B,B,A,B,B,A,A,A,B,B,B,A,A,A,B,A,B,A,B,A,B,A,A,A,A,A,B,B,B,A,A,NA,B,A,A,A,A,A,A,A,B,A,A,B,A,B,B,B,A,A,B,A,A,B,A,A,A,A,B,A,B,B,B,A,A,NA,A,B,A,B,A,B,B,B,B,A,A,B,B,A,A,A,B,NA,A,B,A,A,B,B,B,A,B,B,A,A,B,B,B,B,B,B,A,A,A,A,B,A,B,A,B,B,NA,A,A,B,B,B,A,A,B,A,B,B
32,5,1.0895,0.01,1.0382,-0.0595,0.9696,-0.0547,1.2074,0.68,A,A,A,A,A,B,A,A,B,B,B,B,A,A,A,A,A,A,B,B,B,B,B,B,A,A,A,B,B,B,B,A,B,A,A,A,A,A,B,B,B,A,B,B,A,A,B,B,A,B,B,A,A,A,A,A,A,B,A,B,A,B,A,B,B,A,A,A,A,B,A,B,B,A,A,B,A,B,B,A,A,A,B,A,A,A,A,A,B,A,A,A,B,A,B,B,A,A,A,B,B,A,A,B,B,B,A,B,A,B,A,A,A,A,A,A,B,A,A,B,B,A,B,A,A,A,B,B,A,B,A,B,A,A,B,B,A,B,A,NA,B,A,B,B,A,A,B,A,A,A,B,A,A,A,A,A,B,B,A,B,B,B,B,A,A,B,A,A,A,B,B,B,B,B,A,A,A,A,B,A,B,B,B,A,B,B
33,2,0.9406,-0.1834,0.7012,-0.3742,1.1151,-0.0562,0.8697,0.472,A,A,B,A,A,B,B,A,A,B,B,B,B,A,B,B,A,B,A,B,B,A,A,A,A,A,A,B,B,A,A,A,B,B,A,B,A,B,A,A,B,B,A,A,B,A,A,B,A,B,A,B,B,B,A,B,B,A,B,A,B,B,A,A,B,B,A,B,A,B,B,A,A,A,B,A,A,B,A,B,A,B,A,B,B,B,B,B,B,B,B,B,A,B,A,B,B,B,B,A,A,B,A,A,A,B,B,A,B,A,B,B,B,B,B,B,B,B,B,B,B,B,A,A,A,B,A,B,A,B,B,B,B,A,A,A,B,A,B,A,A,A,B,A,B,B,B,B,B,A,A,B,B,A,B,A,B,B,A,B,A,B,B,B,A,A,A,B,A,A,B,B,B,B,A,A,B,B,A,A,A,B,A,A,B,A
34,5,1.2765,0.0691,0.9666,-0.0754,1.4845,0.0955,0.4303,0.1447,A,A,A,A,A,B,A,B,A,A,A,A,B,B,B,B,A,B,A,A,A,A,B,B,A,A,B,B,B,B,B,B,A,B,A,A,B,B,B,B,B,A,B,A,A,A,B,A,B,B,B,A,B,B,A,B,B,A,B,A,A,A,B,B,B,B,B,B,B,B,B,A,A,B,B,B,A,B,A,A,A,B,A,B,B,B,B,B,A,B,A,B,B,A,A,A,A,B,A,B,B,B,A,B,B,A,A,B,A,B,B,B,A,B,B,B,B,A,A,B,A,B,B,A,B,A,B,A,B,A,B,A,B,A,B,B,A,A,A,A,A,B,B,B,B,A,A,A,A,A,B,B,B,B,A,B,B,B,A,A,A,A,A,A,A,B,A,B,B,B,A,A,B,B,B,B,B,A,B,A,B,A,B,B,A,A
35,3,0.4388,-0.5891,0.1579,-0.9488,0.7703,-0.1737,-0.6878,-0.3403,A,B,NA,A,B,B,A,A,B,A,B,B,NA,B,NA,A,A,A,B,A,A,B,A,B,B,A,A,A,B,B,A,A,B,A,A,B,B,A,B,A,A,B,A,B,A,B,B,B,A,A,B,A,A,A,A,A,A,A,A,A,A,B,B,B,B,A,B,B,A,B,A,B,B,A,A,B,A,B,B,A,A,A,A,A,A,A,A,A,B,A,B,A,A,B,B,B,NA,A,A,B,B,B,B,B,B,B,A,A,A,B,A,A,A,A,A,B,B,A,B,B,B,A,B,A,B,A,A,A,A,B,A,B,A,A,B,B,B,B,A,A,A,B,A,A,B,B,A,A,A,A,A,A,B,A,A,A,A,B,A,A,B,B,B,B,A,B,NA,A,B,B,B,A,A,A,A,A,A,A,A,A,A,B,B,A,A,B
36,1,1.3201,0.0811,0.9285,-0.0998,1.6346,0.1542,1.1112,0.693,A,A,A,A,A,B,B,B,A,B,B,B,B,A,A,B,A,A,A,B,B,A,A,A,A,B,A,A,B,B,B,B,A,A,A,A,A,B,B,A,B,A,A,A,B,B,B,B,B,A,A,A,A,B,B,A,A,A,B,A,A,B,B,B,B,A,B,A,B,B,A,B,B,A,A,A,B,B,B,A,B,A,A,A,A,A,A,A,B,A,B,A,B,A,B,NA,A,NA,NA,A,A,A,B,A,A,B,A,B,B,B,A,B,B,B,B,A,B,A,A,B,A,A,B,A,B,B,A,B,A,B,B,NA,A,A,B,B,B,A,A,A,B,A,B,A,B,A,B,A,B,B,A,NA,B,B,A,B,A,B,B,B,A,B,B,A,B,A,A,B,A,A,B,B,A,A,B,B,A,A,A,A,B,B,B,B,A,A
37,4,0.2191,-0.8274,0.1448,-1.0119,0.3024,-0.6091,-0.299,-0.2832,B,B,B,B,B,NA,NA,B,NA,NA,NA,NA,B,A,B,NA,A,NA,B,B,B,B,A,A,B,B,A,A,A,A,A,B,A,B,B,B,A,A,A,A,A,A,A,B,B,A,B,A,A,A,B,A,B,B,A,B,A,A,B,A,A,A,A,A,A,B,A,B,NA,NA,NA,NA,A,A,B,B,B,A,A,B,B,B,A,A,A,B,B,A,B,B,A,B,A,B,B,B,B,NA,NA,A,B,B,B,A,A,A,A,A,B,A,B,B,B,B,B,B,B,A,B,B,A,B,A,B,B,NA,A,A,A,A,A,A,B,B,A,B,B,B,B,A,A,A,A,A,A,A,B,A,B,A,A,B,B,B,B,B,A,A,B,B,B,A,A,B,A,B,B,B,B,B,A,B,A,A,B,A,A,A,A,B,A,A,A,B,A,B
38,3,0.6748,-0.2855,0.6311,-0.3947,0.6254,-0.2516,-0.0539,0.1264,B,A,A,B,A,B,A,B,A,B,B,A,B,A,B,A,B,A,B,A,A,B,B,A,A,B,A,B,B,A,B,B,B,B,B,A,A,B,A,B,B,A,A,B,A,B,A,B,A,B,A,B,B,A,B,B,B,A,A,A,B,B,A,A,B,A,A,B,B,B,A,A,A,A,A,B,B,B,A,A,B,B,B,B,B,B,B,B,B,A,B,B,B,A,A,B,A,B,B,B,B,B,B,B,B,B,B,A,A,A,B,A,A,A,B,A,B,B,A,B,B,B,A,B,A,A,A,A,A,B,B,B,B,B,A,A,B,B,A,A,A,A,B,B,B,A,A,A,A,A,B,A,B,B,A,B,A,B,A,A,B,A,B,A,B,B,A,A,A,B,B,A,B,NA,B,B,B,B,A,B,B,B,A,B,A,B
39,NA,0.2276,-0.7979,0.1484,-1.0002,0.3161,-0.5605,-0.256,0.1103,B,B,B,B,B,A,B,A,A,B,A,A,A,A,A,A,B,NA,B,A,A,B,A,B,B,B,A,B,A,B,A,A,A,A,B,NA,B,B,B,A,B,A,A,B,B,B,B,B,B,B,A,B,A,A,A,A,B,A,A,A,A,B,B,B,A,B,B,A,A,A,B,A,B,B,B,A,B,A,B,A,B,A,B,A,A,A,A,A,A,B,A,A,B,B,B,A,B,A,B,A,A,A,B,B,B,B,B,B,B,B,A,A,B,A,A,B,A,B,A,B,A,A,B,A,B,B,A,B,A,A,B,B,A,B,B,B,B,A,B,A,A,B,B,A,B,A,A,B,B,B,B,B,A,A,B,A,A,A,A,A,B,A,B,B,A,A,B,A,B,A,A,A,B,A,A,A,A,B,A,B,B,A,B,A,A,B
40,5,0.1792,-0.9085,0.1467,-1.0028,0.2112,-0.7984,-0.1981,-0.6673,B,B,B,B,B,A,B,B,B,B,A,A,B,B,B,B,B,B,A,A,A,A,A,A,B,A,B,A,A,A,B,B,A,B,B,B,B,A,A,A,A,A,B,A,B,B,A,A,B,A,A,A,B,B,B,B,B,B,B,B,B,A,B,A,A,A,B,B,B,A,A,A,A,B,A,A,B,A,A,B,A,B,A,B,B,A,A,B,A,A,B,B,B,B,A,A,B,B,B,A,A,B,A,A,A,A,A,A,B,A,B,B,B,B,B,B,A,A,B,A,A,B,A,B,B,B,B,B,B,A,A,A,B,B,A,A,B,A,A,B,B,B,A,A,A,A,A,A,B,B,A,A,B,B,B,B,B,A,B,A,A,A,A,B,B,A,B,B,B,A,A,A,A,B,B,B,A,A,B,B,B,A,B,B,B,A
41,NA,1.3158,0.0866,1.044,-0.0571,1.4625,0.1091,1.4339,1.4084,A,A,A,A,A,A,A,A,A,A,B,A,A,A,A,B,A,A,A,A,A,A,NA,B,A,B,A,B,A,B,A,A,A,A,A,B,A,A,B,B,A,A,NA,A,A,A,B,A,A,B,B,B,A,B,B,A,B,B,B,B,B,A,B,A,A,B,A,A,A,A,B,A,B,A,B,A,B,A,B,B,B,A,A,A,A,A,A,A,B,B,A,A,A,B,NA,NA,A,NA,NA,A,A,A,B,B,B,A,B,A,B,B,A,B,A,B,B,A,NA,B,B,A,A,A,A,B,A,A,B,B,A,B,A,A,A,B,B,B,A,A,A,B,B,A,A,B,A,B,B,B,A,B,B,B,A,A,B,A,A,A,A,A,A,B,A,B,B,A,A,B,A,A,B,A,B,B,A,B,A,B,B,B,A,B,B,A,A,A
42,1,0.2062,-0.8333,0.152,-0.9767,0.2637,-0.6691,-0.4316,-0.511,B,B,B,B,B,A,A,A,A,A,A,A,A,B,B,B,B,B,A,NA,B,A,B,A,B,A,B,A,A,B,B,A,A,B,B,B,B,NA,B,B,A,A,B,A,A,A,B,A,B,A,B,A,B,A,B,B,B,A,B,A,A,A,B,A,B,B,B,B,A,A,B,A,A,B,A,A,B,A,B,B,A,B,B,B,B,B,B,B,A,B,A,B,B,B,A,A,B,B,A,A,A,B,A,B,B,A,A,A,B,B,B,B,A,B,B,B,A,A,B,A,B,B,A,B,B,A,A,B,A,A,A,A,B,B,A,B,A,A,B,B,A,B,A,A,NA,A,A,A,A,B,B,NA,A,A,A,A,A,A,A,B,A,A,A,B,B,A,B,B,B,A,A,A,A,A,A,B,A,A,A,B,B,A,B,A,A,A
43,5,0.5998,-0.4207,0.4032,-0.6991,0.7808,-0.1398,0.9156,0.7646,A,A,A,A,A,A,B,B,A,A,B,B,B,A,B,B,A,B,B,B,B,B,A,B,A,B,A,A,A,B,B,B,A,B,A,A,A,A,B,A,A,B,B,B,B,A,B,A,B,A,B,B,B,B,B,B,B,A,B,A,B,A,B,B,A,B,B,B,B,A,B,B,B,B,B,B,A,A,B,A,B,B,A,B,B,B,B,A,B,B,B,B,B,A,B,A,A,B,B,B,B,B,B,A,A,A,B,B,B,B,B,B,B,B,B,B,B,B,A,A,A,B,B,B,B,B,B,A,A,B,A,A,B,A,A,B,B,B,A,A,A,A,A,A,B,B,A,A,B,A,A,NA,B,B,A,B,B,A,B,B,B,B,A,A,B,B,A,B,B,B,B,A,A,B,B,NA,B,B,B,A,B,A,B,B,B,B
44,3,1.0547,-0.0279,0.69,-0.2291,1.3834,0.0892,0.5799,0.5626,A,A,A,A,A,B,A,A,A,A,B,B,A,A,A,A,A,B,B,A,A,B,B,A,A,B,A,B,B,B,A,A,B,A,A,A,B,A,B,B,A,B,B,A,A,A,B,A,B,B,B,A,A,A,B,A,A,B,A,B,A,A,B,B,B,B,B,A,A,B,B,B,B,A,B,A,A,B,B,A,B,A,A,A,A,A,A,A,B,B,A,A,A,A,B,B,A,A,A,A,A,B,A,B,B,A,B,B,A,B,A,A,A,A,A,B,A,A,A,B,B,A,B,B,A,A,A,B,NA,B,A,B,NA,A,B,B,A,A,A,A,B,B,B,A,A,B,NA,A,A,A,B,B,A,A,A,A,A,B,B,A,B,B,B,A,B,A,A,A,A,A,B,B,B,A,A,B,A,NA,A,A,A,B,B,A,A,A
45,3,1.2511,-0.0546,0.7607,-0.3354,1.7185,0.173,1.1436,1.0985,A,A,A,A,A,B,B,B,A,A,A,A,A,B,A,A,A,A,B,A,A,B,A,B,A,B,B,A,B,B,A,B,A,A,A,A,A,B,B,A,B,B,B,B,B,A,NA,NA,NA,NA,B,A,A,A,B,A,A,A,A,A,A,B,B,B,B,A,B,A,B,B,A,B,B,B,A,B,A,B,B,A,B,A,A,A,A,A,A,A,A,A,A,A,A,NA,NA,NA,A,NA,NA,B,B,A,A,A,A,A,A,B,B,B,A,A,B,A,A,A,B,A,A,B,A,A,B,B,A,B,NA,A,NA,A,B,NA,NA,A,B,B,NA,NA,A,B,NA,NA,B,B,NA,B,NA,NA,B,NA,A,A,A,NA,A,NA,NA,B,B,B,NA,A,B,NA,B,NA,A,NA,A,B,A,B,A,A,B,B,A,A,A,A,A,A,B,B,A,A
46,3,0.1866,-0.8966,0.1397,-1.0412,0.2377,-0.7211,-0.1659,-0.6317,B,B,B,B,B,B,B,A,B,B,A,A,B,A,B,B,B,B,A,B,B,A,B,B,B,B,B,B,NA,A,A,A,B,B,B,B,A,B,A,B,B,A,B,A,B,B,B,B,A,B,B,A,B,A,B,B,B,A,B,A,A,B,A,A,B,B,A,B,A,B,B,A,A,A,B,A,B,B,A,A,B,B,B,B,B,B,B,B,A,B,B,B,A,B,A,B,B,B,A,A,A,B,B,B,B,B,A,A,B,A,B,B,B,B,B,A,A,A,A,A,B,B,A,A,B,B,B,A,B,A,B,A,B,B,A,B,B,A,B,NA,A,A,B,B,A,B,B,A,B,B,B,B,B,A,A,A,B,B,A,B,A,A,B,B,B,A,B,B,B,A,A,B,B,B,A,B,B,A,B,B,A,A,A,A,A,A
47,4,1.2407,0.0706,1.0054,-0.0608,1.3506,0.0792,1.1979,0.8381,A,A,A,A,A,A,A,B,B,B,A,A,A,A,B,B,A,B,A,A,A,A,B,A,A,A,A,B,A,B,B,B,A,B,A,A,B,A,B,B,A,B,B,A,A,B,B,A,A,B,B,B,B,B,A,B,B,A,B,A,B,A,A,B,A,B,A,A,B,A,B,B,B,B,B,A,A,A,B,B,A,B,A,A,B,B,B,A,A,B,B,B,B,A,B,A,A,B,B,A,A,B,A,A,A,A,B,B,B,B,A,B,A,B,A,B,B,B,B,A,A,B,B,B,A,A,A,B,A,A,A,A,B,A,B,B,A,A,A,A,A,B,A,A,B,B,A,B,A,B,B,B,B,B,A,A,B,A,B,A,A,A,A,A,A,A,A,A,A,A,A,A,B,B,A,A,A,B,A,A,B,A,A,B,B,A
48,4,1.2283,0.04,0.959,-0.0941,1.3885,0.057,1.2365,1.1515,A,A,A,A,A,A,B,B,A,A,B,B,B,A,A,B,A,B,B,A,A,B,A,B,A,B,A,NA,A,NA,B,B,A,A,B,A,B,B,B,A,B,B,NA,NA,B,A,B,A,B,NA,B,A,A,B,B,A,A,B,B,B,A,A,B,B,A,B,B,A,B,A,B,B,A,A,A,B,B,A,B,B,B,A,A,A,A,A,A,A,B,B,B,A,B,A,B,A,A,A,A,B,B,A,B,A,A,A,A,B,B,A,A,B,B,B,A,B,B,A,B,A,A,A,B,B,A,NA,NA,B,NA,B,B,NA,A,B,NA,A,NA,NA,B,B,B,B,B,A,NA,B,A,A,B,B,A,B,B,B,B,NA,NA,A,B,A,B,B,A,A,A,B,A,A,A,B,B,A,A,B,B,B,A,A,B,B,B,B,B,B,A,A
49,3,0.7707,-0.2637,0.6397,-0.4481,0.8257,-0.1326,0.8336,0.6031,A,A,A,A,A,B,B,B,B,B,A,A,A,A,A,B,B,B,B,B,B,B,A,B,A,A,A,B,B,NA,A,B,B,A,A,A,B,A,A,A,A,B,A,B,B,A,A,B,A,B,B,A,A,B,A,A,A,B,B,B,A,B,A,B,B,B,A,A,B,B,B,B,B,A,B,A,A,B,A,B,A,A,A,A,A,A,A,A,A,B,B,A,A,A,B,A,A,A,A,A,A,A,A,A,A,B,A,B,A,A,A,B,B,B,A,B,A,A,B,A,B,A,B,B,B,B,A,B,A,A,A,NA,A,A,A,A,A,A,A,A,B,B,A,A,B,B,B,A,B,B,A,B,A,B,B,B,B,A,B,A,B,A,A,A,A,A,A,B,B,A,A,B,B,A,B,A,A,A,A,A,A,B,A,B,A,A
50,5,0.6018,-0.4378,0.4822,-0.6778,0.6738,-0.2055,-1.1906,-1.0098,B,A,A,B,A,B,B,A,A,A,B,B,A,A,B,B,A,B,A,NA,B,NA,B,B,A,A,B,B,B,A,B,A,B,B,B,A,A,A,A,B,A,A,A,A,B,B,A,A,B,B,B,B,B,B,B,B,B,A,B,A,B,A,B,B,B,B,B,A,A,A,B,B,B,B,B,A,B,B,A,B,A,A,B,A,B,B,B,A,B,B,B,B,B,A,B,B,A,B,B,A,A,A,A,B,B,B,B,B,A,A,A,B,B,B,A,B,A,B,B,B,B,B,B,B,B,B,A,A,B,B,A,A,B,B,B,B,A,A,A,B,A,A,A,B,B,A,B,B,B,A,B,B,A,A,B,A,B,B,B,B,A,B,A,A,B,A,A,B,B,A,B,B,B,A,B,B,A,B,A,B,B,B,A,A,B,A
51,1,1.154,-0.0941,0.7741,-0.3583,1.4847,0.1174,1.0583,0.9023,A,A,A,A,A,B,A,B,A,A,A,A,B,A,A,A,B,A,B,B,B,B,B,B,A,B,A,A,B,B,B,B,B,A,B,B,B,B,B,B,B,A,A,A,A,A,B,B,A,A,A,B,A,A,A,A,B,B,A,B,B,B,A,B,B,A,A,A,B,B,A,B,B,A,A,A,A,B,B,A,B,A,B,A,A,A,A,A,A,A,B,A,B,B,B,B,A,A,B,A,A,A,B,B,B,B,B,B,A,B,A,A,A,A,A,A,A,B,A,B,B,A,B,B,B,A,B,A,A,A,B,B,A,A,B,B,B,B,A,A,B,B,B,B,B,A,A,B,A,A,B,NA,B,B,A,B,B,B,B,B,B,A,B,B,A,A,A,A,A,A,A,A,A,B,B,A,A,B,B,A,B,A,A,B,B,B
52,3,0.2634,-0.753,0.1451,-1.0119,0.4,-0.4468,-0.34,-0.6239,A,B,B,A,B,A,B,A,B,B,B,B,A,A,B,B,B,B,B,A,A,B,B,A,B,B,A,B,A,A,B,A,A,B,A,B,B,B,A,B,B,B,B,NA,B,B,A,B,A,B,A,B,B,B,A,B,B,B,B,B,B,B,A,A,A,B,A,B,A,A,B,A,A,A,B,A,A,A,A,A,B,B,A,B,B,B,B,B,B,B,A,B,B,B,A,A,B,B,B,A,A,B,A,B,B,B,B,A,A,A,B,B,B,B,A,A,A,B,A,A,A,B,A,B,A,B,A,B,A,B,B,A,B,A,A,A,A,A,B,A,B,B,B,B,A,NA,B,B,B,A,B,B,A,A,A,A,A,A,B,A,A,B,A,B,A,A,B,B,A,A,B,B,B,A,A,A,B,B,A,A,B,A,A,A,A,A
53,2,0.8769,-0.2205,0.6739,-0.4181,1.0126,-0.0785,0.0456,0.2819,B,A,A,B,A,A,A,A,B,B,B,A,B,B,B,A,A,B,A,A,B,NA,B,B,B,A,B,A,A,B,A,A,A,B,A,A,A,A,B,B,A,A,A,NA,A,A,B,B,B,A,B,A,B,A,A,B,B,B,A,B,A,B,B,B,A,B,B,B,A,A,B,B,B,A,B,B,A,A,B,B,A,B,B,B,B,B,B,B,A,B,B,B,A,A,B,A,A,B,A,B,B,B,A,B,B,B,A,B,A,B,B,A,A,A,B,B,B,A,B,A,A,B,B,A,A,A,A,B,B,A,A,B,B,A,B,B,B,A,B,B,B,A,A,B,B,A,A,A,A,B,B,B,B,A,B,A,A,A,A,A,A,A,B,A,A,B,A,A,A,B,A,A,A,A,A,A,B,A,A,A,NA,NA,B,A,A,A
54,5,1.2532,0.0429,0.9259,-0.1353,1.4902,0.1182,0.8058,0.6174,NA,NA,A,NA,NA,B,A,B,B,B,B,A,A,A,B,A,A,B,B,B,B,B,A,B,A,A,A,A,B,B,A,B,B,B,A,B,A,B,B,A,B,A,A,B,A,A,B,A,A,A,B,B,A,A,B,B,B,B,B,A,B,A,A,B,B,B,A,B,B,A,B,B,B,A,B,B,A,B,B,A,A,A,A,A,B,B,B,A,A,B,B,B,A,B,B,B,A,B,B,B,B,A,A,A,A,A,B,B,A,B,A,A,A,A,A,B,A,B,A,B,B,A,B,A,A,A,B,B,A,A,B,B,B,A,B,B,B,B,A,A,B,A,NA,A,B,A,B,B,A,A,A,B,A,B,A,B,B,B,A,B,B,A,A,B,B,B,A,A,A,B,A,B,A,B,B,B,B,B,B,A,A,A,A,B,B,B
55,1,0.2516,-0.7385,0.1652,-0.9312,0.3455,-0.5231,-0.428,-0.5774,A,B,B,A,B,A,B,A,A,A,B,A,B,A,B,B,B,B,B,A,A,B,A,B,B,B,A,A,A,B,A,NA,A,B,A,B,B,B,B,A,A,B,B,B,B,A,B,A,A,A,A,A,B,B,B,B,B,A,B,A,A,A,A,B,A,B,A,B,A,A,B,B,B,A,B,B,A,A,B,A,B,B,A,B,B,B,B,B,A,B,B,B,A,B,B,B,B,NA,NA,B,B,B,B,A,A,A,A,B,A,B,B,B,B,B,B,B,B,A,A,A,A,B,B,A,B,B,A,A,A,A,A,A,B,A,B,B,A,B,B,A,NA,B,A,A,B,B,B,A,B,A,A,B,NA,A,A,A,A,A,A,A,B,B,A,B,B,B,B,B,B,B,B,B,B,A,A,B,B,A,A,A,A,B,A,A,A,B
56,1,0.5105,-0.4526,0.5434,-0.5075,0.3855,-0.4656,-0.216,-0.3593,B,A,A,B,A,B,B,B,B,B,A,A,B,A,B,B,A,B,A,A,A,A,A,B,A,A,A,B,A,A,B,B,A,B,B,B,B,A,A,A,A,A,A,A,B,A,A,A,A,B,B,B,B,B,A,B,B,A,B,A,A,A,A,B,A,B,A,B,B,A,B,A,A,A,B,B,B,A,A,B,A,B,B,B,B,B,B,B,A,B,B,B,B,A,A,A,A,B,B,B,B,B,A,A,A,A,B,B,A,A,B,B,B,B,B,B,B,B,B,A,A,B,B,A,B,B,B,A,A,A,A,A,B,B,A,A,B,A,A,A,A,B,A,A,B,A,A,B,B,A,A,B,B,B,A,B,A,A,A,B,B,A,A,A,A,B,A,B,B,B,A,A,B,A,B,A,B,B,B,B,B,A,A,B,A,A
57,5,1.0819,-0.0199,0.7424,-0.2136,1.3699,0.0859,1.0997,0.9732,A,A,A,A,A,B,B,B,A,A,A,A,B,A,B,B,A,NA,B,B,B,B,A,A,A,A,A,B,B,A,B,B,A,B,A,B,A,B,A,A,B,A,A,A,A,A,A,A,A,B,A,A,B,A,B,B,B,A,B,A,A,A,A,A,B,B,A,B,B,B,B,A,A,A,B,B,A,B,A,B,A,B,A,NA,NA,NA,NA,NA,NA,NA,A,NA,B,A,A,A,A,B,A,B,B,B,A,A,A,A,A,A,B,A,B,B,B,B,B,B,B,A,B,B,A,B,A,A,B,A,B,A,A,A,B,A,B,A,A,A,B,A,A,A,A,B,B,A,A,A,B,A,A,A,A,B,B,B,A,B,B,B,A,B,B,A,A,A,B,B,A,B,B,B,A,B,B,B,B,B,A,A,A,A,B,A,A,B,A,A
58,5,0.3085,-0.6732,0.1629,-0.9356,0.4747,-0.3748,-0.1156,-0.0314,A,B,B,A,B,B,A,A,A,A,B,B,B,B,B,A,B,A,A,B,B,A,A,B,B,A,B,A,B,A,B,A,B,A,A,A,A,A,B,A,A,B,B,B,A,A,B,B,A,A,B,B,B,A,B,B,B,B,A,B,B,B,A,B,B,A,A,A,A,B,A,B,B,A,B,B,A,B,B,A,A,A,B,A,B,B,B,A,B,A,A,B,B,B,B,B,B,B,B,B,B,A,A,A,A,B,B,B,B,B,A,A,A,A,A,A,A,B,A,B,B,A,B,A,B,A,B,B,B,B,A,B,B,A,B,B,A,B,B,B,B,A,A,A,B,B,A,B,A,B,A,A,B,A,A,A,B,B,A,B,A,B,B,B,B,B,B,A,B,B,B,B,A,B,A,B,A,B,B,A,B,B,A,A,B,B
59,1,0.4033,-0.6014,0.3159,-0.7662,0.4688,-0.4445,0.2573,0.1487,B,A,A,B,A,A,A,B,A,A,B,B,A,A,B,B,A,B,B,B,B,B,A,A,A,A,A,A,A,B,B,B,A,B,B,A,B,A,B,A,A,A,A,B,A,B,B,B,B,A,B,A,B,B,B,B,A,B,B,A,B,B,B,B,A,B,B,B,B,A,B,B,B,A,B,B,A,A,B,B,A,B,A,NA,A,B,B,A,B,NA,A,A,B,A,B,A,A,B,B,B,B,B,A,A,A,B,B,B,B,B,B,B,A,B,B,B,B,B,B,A,A,B,B,B,B,A,A,A,A,B,A,B,B,B,B,B,B,A,A,A,A,B,A,A,B,A,B,B,A,B,A,B,A,B,A,A,A,A,B,B,B,B,B,A,A,B,A,B,B,B,B,B,A,A,A,A,B,B,A,B,B,B,B,B,B,A
60,3,0.1772,-0.9248,0.1382,-1.0476,0.2189,-0.7739,-0.5603,-0.676,B,B,B,B,B,B,B,A,A,A,B,A,A,B,A,A,B,B,A,A,A,A,A,A,B,B,B,A,B,A,NA,A,B,A,B,B,B,A,A,A,A,A,A,B,B,A,B,B,A,A,A,B,A,A,A,A,B,A,A,A,A,B,A,A,B,A,A,A,A,B,A,A,A,B,A,B,A,B,A,B,B,A,A,A,A,A,A,A,A,A,A,A,B,B,A,B,B,A,B,B,B,A,B,A,A,B,B,A,A,A,A,A,B,A,A,B,B,B,B,B,B,A,A,A,B,B,B,B,B,A,A,B,A,B,A,B,A,B,B,B,A,B,A,B,A,A,A,B,B,A,A,A,A,A,A,A,B,B,A,A,A,A,B,B,A,B,B,A,B,B,A,A,B,B,A,A,A,B,B,B,B,A,A,A,A,B
61,3,0.3887,-0.6445,0.1465,-1.004,0.6753,-0.2207,-0.4314,-0.2666,A,NA,B,A,B,B,A,B,A,A,A,A,A,B,B,B,B,B,B,A,A,B,A,B,B,A,B,A,NA,B,A,A,A,B,A,A,A,NA,B,NA,A,A,B,A,A,A,B,B,B,A,B,A,B,A,A,B,B,B,A,B,B,B,B,B,B,B,B,B,A,B,B,B,A,B,A,A,A,B,B,A,A,B,B,A,B,B,B,B,A,B,A,B,A,A,B,A,B,B,A,A,A,B,A,B,B,B,A,B,B,B,B,B,A,B,A,B,B,A,A,B,B,B,B,B,A,A,A,B,A,A,A,B,B,A,B,B,A,A,B,A,B,A,A,A,B,B,A,A,A,A,B,B,A,A,A,A,A,B,A,B,B,A,B,A,A,B,B,B,A,B,A,A,A,NA,A,A,A,A,A,A,A,A,B,A,B,A
62,5,0.3721,-0.6355,0.3966,-0.6904,0.2861,-0.6203,-0.6662,-0.408,B,A,A,B,A,A,B,B,B,A,B,A,B,A,A,A,A,B,A,B,B,A,A,B,A,A,B,A,A,B,B,B,A,A,B,A,B,A,B,A,A,A,A,A,B,B,B,B,B,A,B,B,A,A,B,A,B,B,A,A,A,B,B,B,A,B,B,B,B,A,A,B,B,B,B,A,A,A,B,B,A,B,B,B,A,A,A,B,A,B,B,A,B,A,B,A,A,A,B,B,B,B,A,A,A,B,B,B,B,B,B,A,B,A,B,B,A,B,B,A,A,A,B,B,B,B,B,B,A,A,A,B,A,B,B,B,B,A,A,B,B,B,A,A,B,A,A,B,B,B,A,NA,B,B,A,B,B,A,B,B,A,A,B,A,A,A,A,A,B,A,A,A,A,B,B,A,B,B,B,B,B,A,B,B,A,A
63,3,0.3726,-0.6239,0.1611,-0.9568,0.6191,-0.2388,-0.8113,-0.351,A,B,B,A,B,B,A,A,B,B,B,A,B,B,B,B,B,B,B,A,A,B,A,B,B,B,B,B,B,A,A,A,B,B,A,B,A,A,A,A,A,A,A,NA,A,A,A,A,A,B,A,A,B,B,A,B,B,A,B,A,A,A,A,B,B,B,A,B,A,B,B,A,A,B,B,A,A,B,A,B,B,B,A,A,B,B,B,A,A,B,A,B,A,B,A,B,B,B,A,A,A,A,B,A,A,B,A,B,A,A,A,B,A,B,A,A,A,A,B,B,B,B,B,A,A,A,A,B,B,A,A,A,B,A,A,A,A,B,B,A,A,A,A,A,B,A,A,A,A,A,A,NA,B,A,B,A,A,B,A,A,B,A,A,B,A,A,B,B,A,A,A,A,A,A,A,A,A,A,A,A,A,A,A,A,A,B
64,6,0.718,-0.1691,0.7347,-0.1902,0.5751,-0.2709,-0.0494,0.0106,B,A,A,B,A,A,B,A,B,B,B,B,B,B,A,B,A,B,B,A,A,B,A,B,A,B,B,B,A,B,B,A,A,A,B,A,B,B,B,A,B,B,B,B,B,A,B,B,B,B,A,A,A,B,A,A,A,B,B,A,B,B,B,B,A,B,B,A,A,A,B,B,B,B,B,B,A,A,B,A,B,A,B,A,A,A,A,A,B,B,A,A,B,A,B,A,A,A,A,B,B,A,B,A,A,B,A,B,A,B,A,B,B,B,A,B,B,B,A,B,A,A,B,A,B,B,B,B,B,B,NA,A,A,B,B,A,A,B,A,B,B,B,B,A,B,B,A,A,B,A,A,B,B,A,A,A,A,A,A,A,B,B,B,A,A,B,A,B,B,B,B,A,B,A,A,A,A,A,B,B,B,B,B,A,A,B
65,1,1.5195,0.1307,0.9771,-0.078,2.0077,0.2334,1.0921,0.6968,A,A,A,A,A,A,B,B,A,A,A,A,A,A,A,A,A,B,A,A,A,A,B,A,A,A,A,B,A,B,A,B,A,A,A,A,B,A,B,B,A,B,B,A,B,B,A,A,A,B,A,B,A,A,A,A,A,B,A,B,B,A,A,B,A,B,A,A,B,A,B,B,B,NA,NA,NA,NA,A,B,A,A,A,B,NA,NA,NA,NA,NA,NA,NA,NA,NA,NA,B,B,A,A,A,B,A,A,A,A,B,B,A,B,B,B,B,A,A,B,A,A,B,A,B,A,A,A,A,B,B,B,B,B,B,A,A,A,A,A,A,B,A,A,A,A,A,B,B,A,B,B,B,A,A,B,B,B,B,A,B,A,B,B,A,A,A,A,A,A,A,A,A,A,A,B,A,A,A,B,B,B,A,A,B,B,A,A,A,A,B,B,A
66,1,0.3906,-0.6308,0.1481,-0.9944,0.6772,-0.2036,0.0525,0.208,A,B,B,A,B,NA,NA,NA,NA,NA,NA,NA,NA,NA,NA,NA,B,B,A,A,A,NA,B,B,B,B,A,B,B,B,A,A,A,A,A,B,A,B,B,B,B,A,B,A,A,A,B,B,B,B,B,A,A,A,A,A,A,B,A,A,A,B,B,B,B,B,B,A,A,B,B,B,B,A,B,A,A,B,B,A,B,A,A,NA,NA,NA,NA,NA,NA,NA,NA,NA,NA,A,B,A,B,A,B,A,A,A,B,B,B,B,A,B,A,B,A,A,A,A,A,B,A,A,A,B,B,A,B,A,NA,A,A,A,A,B,A,B,A,A,A,NA,A,A,B,A,NA,A,A,B,B,B,A,NA,A,NA,B,B,B,A,B,A,A,B,A,A,A,B,B,B,A,A,B,A,B,A,B,B,B,NA,A,B,A,B,B,B,NA,B,B,A,B,A
67,1,0.2352,-0.8033,0.1429,-1.0225,0.3406,-0.5425,-0.6878,-0.657,B,B,B,B,B,NA,NA,NA,NA,NA,NA,NA,NA,NA,NA,NA,B,A,B,B,B,B,B,A,B,A,B,A,B,B,A,A,B,A,B,A,B,A,B,B,A,A,A,B,A,A,B,B,B,B,A,B,A,A,B,A,B,B,A,B,B,B,B,A,B,A,B,A,A,B,A,A,A,B,B,A,A,B,B,B,A,A,B,NA,NA,NA,NA,NA,NA,NA,NA,NA,NA,A,A,B,B,A,B,B,B,A,A,B,B,B,B,A,A,B,A,A,A,A,A,A,B,B,B,B,B,A,A,B,B,A,B,B,B,A,A,B,A,B,B,B,B,B,B,B,B,B,B,B,A,A,B,A,A,A,B,A,A,A,A,A,B,B,B,B,B,B,B,A,B,B,B,A,B,B,A,A,A,B,A,B,A,B,B,B,A,A,B,A,B,B
68,1,0.3276,-0.7087,0.1365,-1.0595,0.5542,-0.2866,-0.4762,-0.622,A,B,B,A,B,A,A,B,A,A,A,A,B,A,B,B,B,A,B,A,A,B,B,B,B,A,B,A,A,B,B,B,A,B,A,B,B,A,B,B,A,B,A,A,B,A,B,B,A,A,B,A,B,B,B,B,B,B,B,B,A,B,B,A,A,A,A,B,B,A,A,A,A,B,B,B,B,A,B,B,A,B,A,B,B,B,B,B,A,A,B,B,B,B,A,A,B,B,NA,B,B,B,A,B,B,B,A,A,NA,NA,NA,NA,NA,NA,NA,NA,NA,A,B,A,A,B,A,A,B,B,A,B,B,A,A,A,B,A,B,B,B,A,B,B,B,B,A,B,A,NA,B,A,B,B,B,A,B,B,B,B,B,A,A,A,B,A,B,B,B,B,B,B,B,B,A,B,A,B,B,B,B,A,A,A,B,A,B,B,A,A
69,5,0.1752,-0.9326,0.1415,-1.0364,0.2098,-0.806,-0.4316,-0.7018,B,B,B,B,B,A,A,A,A,A,B,A,A,A,A,B,B,B,A,B,B,A,B,A,B,B,B,A,A,A,A,A,A,A,B,B,B,B,A,B,B,B,B,NA,A,NA,A,B,A,A,A,B,A,A,A,A,B,B,B,B,B,B,A,A,A,B,A,A,A,A,B,A,A,B,B,A,B,A,A,A,B,A,B,A,A,A,A,A,A,B,A,A,A,B,A,A,B,A,NA,A,A,A,B,B,B,B,B,A,A,A,A,B,A,B,A,B,A,B,A,A,A,A,A,A,B,A,B,B,B,A,B,B,A,B,A,A,A,A,B,B,B,A,B,B,A,B,A,NA,A,A,B,B,A,A,A,A,B,A,A,B,A,A,B,B,A,A,B,B,B,A,A,A,NA,B,A,A,B,B,B,A,NA,NA,A,A,B,A
70,3,1.0528,-0.1162,0.7707,-0.3465,1.2654,0.0536,1.0152,0.7421,A,A,A,A,A,NA,NA,NA,NA,NA,NA,NA,NA,NA,NA,NA,A,B,B,B,B,B,A,B,NA,A,B,B,B,A,B,A,B,A,A,B,B,B,A,A,A,A,A,B,B,B,B,B,A,B,A,A,A,A,A,A,A,A,A,A,A,B,A,B,B,B,A,B,A,B,B,A,A,B,A,A,B,B,A,A,A,A,A,NA,NA,NA,NA,NA,NA,NA,NA,NA,NA,B,A,B,A,A,A,A,A,A,A,A,A,B,A,B,NA,NA,NA,NA,NA,NA,NA,NA,NA,A,A,B,B,A,B,A,A,B,B,A,B,A,B,B,NA,A,A,B,B,B,A,B,A,B,A,A,B,A,B,A,B,B,NA,NA,A,A,A,A,A,B,A,B,B,A,B,B,A,A,A,A,B,A,A,A,B,A,B,A,B,B,B,A,B,A,A,A,B,B
71,2,0.2247,-0.8071,0.1484,-0.9983,0.3096,-0.5831,-0.1065,-0.1004,B,NA,A,B,A,B,B,A,B,B,A,A,B,A,A,A,A,A,B,B,B,B,A,A,A,B,B,B,B,B,A,A,NA,A,B,B,A,B,B,A,B,A,A,B,B,B,A,A,A,B,A,B,A,A,A,A,A,A,A,A,B,A,A,A,B,A,A,A,A,B,A,A,A,B,A,A,B,B,B,B,B,A,A,NA,NA,NA,NA,NA,NA,NA,NA,NA,NA,B,A,B,A,A,B,A,A,A,B,A,A,A,B,A,B,A,A,A,B,A,A,A,A,B,B,B,B,A,A,A,A,B,A,A,B,A,B,B,A,B,B,A,A,A,A,B,A,A,B,A,A,A,A,B,B,B,A,A,B,A,B,B,A,A,A,B,B,A,B,B,A,A,A,A,A,A,A,A,B,A,B,A,B,B,A,B,A,A,B,A,B,B
72,5,1.3956,0.1143,1.0753,-0.0381,1.595,0.1443,1.3606,1.3833,A,A,A,A,A,A,B,A,A,A,B,B,A,A,A,A,A,A,B,A,A,B,B,A,A,B,A,A,A,B,B,A,B,A,A,B,B,B,B,B,A,A,A,B,B,A,B,A,B,A,A,B,A,A,B,A,B,B,A,B,A,A,B,A,A,A,B,A,A,A,A,B,B,A,A,B,A,A,B,B,B,A,A,A,A,A,A,A,B,A,A,A,B,B,B,B,A,A,B,B,B,A,B,B,B,A,B,B,B,B,A,A,B,A,A,A,B,B,B,A,B,A,A,A,B,B,B,B,A,B,B,A,A,A,B,B,A,B,NA,A,B,B,A,B,A,A,A,B,B,A,B,A,A,A,B,A,B,A,A,A,B,B,A,B,B,B,A,A,B,B,B,A,A,B,A,B,A,B,B,A,B,B,B,A,A,B
73,4,0.6454,-0.3665,0.753,-0.3655,0.3886,-0.4675,0.254,0.4589,A,B,B,A,B,A,B,B,A,A,B,B,A,A,A,A,B,A,B,A,A,B,A,B,B,A,A,A,A,B,A,A,A,A,A,B,B,B,B,A,B,A,A,B,B,A,B,A,B,A,A,B,A,A,B,A,B,A,A,A,A,A,B,B,A,A,B,A,A,A,A,B,B,A,A,A,A,A,B,A,A,A,B,A,A,A,A,A,B,A,A,A,A,B,B,A,B,A,B,A,A,A,A,A,A,A,B,B,A,B,A,A,B,A,NA,NA,NA,B,NA,A,A,A,B,A,A,B,B,A,A,B,B,A,A,A,B,B,A,B,B,A,A,B,B,A,B,A,B,B,B,A,A,A,A,A,A,B,B,A,B,A,B,A,A,B,B,A,B,A,A,A,B,B,A,B,B,B,A,A,B,A,A,B,B,A,A,B
74,1,0.2121,-0.8426,0.139,-1.0474,0.295,-0.595,-0.1084,0.1655,A,B,B,A,B,A,B,B,A,A,A,B,A,A,A,A,B,A,B,A,A,B,A,B,B,A,A,A,A,B,A,A,A,A,A,B,B,B,B,A,B,A,A,B,B,A,B,A,B,A,B,B,A,A,B,A,A,A,A,A,A,A,B,B,A,A,B,A,A,A,A,B,B,NA,NA,NA,NA,A,B,A,A,A,B,A,A,A,A,A,B,A,A,A,A,NA,NA,NA,B,NA,NA,A,A,A,A,A,A,A,B,B,NA,NA,NA,NA,NA,NA,NA,NA,NA,B,A,A,A,A,B,A,A,B,B,A,A,B,A,A,A,A,B,B,NA,B,B,A,A,B,B,A,B,A,B,B,B,A,A,A,A,A,A,B,B,A,B,A,B,A,B,B,B,A,B,A,A,A,B,B,A,B,B,B,A,A,B,A,A,B,B,A,A,B
75,1,0.1882,-0.8944,0.1403,-1.042,0.2404,-0.7152,-0.1329,-0.0415,B,B,B,B,B,A,A,B,A,A,A,A,A,B,B,B,B,B,B,A,A,B,A,A,B,A,A,A,A,A,A,B,A,B,NA,A,B,B,A,A,B,B,B,B,A,A,A,B,B,A,A,B,B,A,A,B,B,A,B,A,B,B,B,A,A,B,B,B,B,A,B,A,A,A,B,B,B,A,A,A,A,B,A,A,A,NA,NA,NA,NA,NA,NA,NA,NA,NA,NA,NA,B,NA,NA,A,A,A,B,B,B,B,B,A,NA,NA,NA,NA,NA,NA,NA,NA,NA,B,A,A,A,B,A,B,A,A,A,A,A,A,B,A,B,B,A,A,B,B,B,A,A,B,B,A,A,B,A,B,A,A,A,B,A,B,A,B,B,A,B,A,B,A,B,A,A,B,B,B,A,B,A,A,A,A,B,A,A,B,A,B,A,A,A,B,B,B
76,2,0.2044,-0.8515,0.1416,-1.03,0.2742,-0.6378,-0.0601,-0.1728,B,NA,B,NA,NA,NA,NA,NA,NA,NA,NA,NA,NA,NA,NA,NA,B,NA,NA,A,B,B,NA,NA,B,B,A,A,A,B,B,B,A,B,B,B,A,B,NA,B,A,B,B,B,A,A,B,B,B,A,A,A,B,A,A,B,B,B,A,B,A,B,B,A,A,B,B,B,B,A,B,B,B,A,A,A,B,A,B,B,B,B,A,NA,NA,NA,NA,NA,NA,NA,NA,NA,NA,B,B,A,B,B,A,A,A,B,B,A,A,B,A,A,A,B,B,A,A,A,B,B,A,A,B,A,B,B,A,B,A,A,A,A,A,B,A,B,B,B,B,B,B,A,B,A,B,A,A,B,A,B,A,B,A,A,B,B,B,B,B,B,A,A,B,B,B,A,B,B,A,A,B,A,B,A,B,A,A,A,B,A,B,A,A,B,B,A,B,B,B,A
77,1,0.2975,-0.727,0.1418,-1.0368,0.4802,-0.3571,-0.4097,-0.5636,A,B,B,A,B,A,A,A,A,A,B,A,A,A,B,B,B,B,B,B,B,B,B,B,B,A,A,B,A,B,A,B,A,B,A,A,B,A,B,B,A,B,B,B,A,A,A,A,A,B,A,B,B,B,A,B,B,A,B,A,B,A,A,B,A,B,A,B,B,A,B,B,B,NA,NA,NA,NA,A,B,B,A,B,A,NA,NA,NA,NA,NA,NA,NA,NA,NA,NA,A,B,A,B,B,B,A,A,B,A,B,B,A,B,B,B,B,B,B,A,B,B,B,A,A,B,A,B,B,B,A,A,A,A,B,A,A,A,A,B,A,B,A,A,B,B,A,A,B,A,B,B,A,A,B,A,A,B,B,A,A,B,A,A,A,A,B,B,A,A,A,A,A,B,B,A,A,A,A,B,A,A,A,B,B,A,A,A,A,A,B,B,B
78,2,0.1856,-0.9139,0.1364,-1.061,0.24,-0.7325,-0.5421,-0.7861,B,B,B,NA,B,B,A,A,B,B,B,A,A,A,B,B,B,A,A,B,B,A,A,B,B,A,A,B,B,B,B,A,B,B,B,A,B,B,B,A,B,B,B,A,A,A,A,B,B,B,A,B,B,B,A,B,B,A,B,A,B,A,B,B,B,A,B,B,A,A,A,B,A,NA,NA,NA,NA,B,B,B,A,B,A,B,B,B,A,B,A,A,A,B,B,A,B,B,B,B,B,A,A,B,A,A,A,A,B,B,A,B,B,B,A,B,B,A,A,B,A,A,B,B,B,A,B,A,A,B,B,A,B,A,B,B,B,A,A,A,B,A,A,B,B,A,B,B,A,B,A,A,A,A,A,A,B,A,A,B,B,B,A,A,A,A,A,A,B,B,B,A,A,A,B,A,A,A,A,B,A,B,B,A,B,A,B,A
